{"cameraMode":{"drawMode":0,"name":"Shaded","section":"Shading Mode"},"sceneLighting":true,"audioPlay":false,"sceneViewState":{"showFog":true,"showMaterialUpdate":false,"showSkybox":true,"showFlares":true,"showImageEffects":true,"showParticleSystems":true},"in2DMode":false,"pivot":{"x":6.5337982177734379,"y":-0.42342376708984377,"z":-0.5854625701904297},"rotation":{"x":-0.26968738436698916,"y":0.6373305916786194,"z":-0.25440889596939089,"w":-0.6755641102790833},"size":95.76829528808594,"orthographic":false}